text,data
"Привет, меня зовут Иванов Иван Петрович, возьми на меня билеты на самолет из Санкт-Петербурга в Москву на 15 января 2024 года на 12:30 Россиянами.","{'Имя': ['Иванов Иван Петрович'], 'Количество пассажиров': '1', 'Город вылета': 'Санкт-Петербург', 'Город прилета': 'Москва', 'Время': '12:30', 'Дата': '15.01.2024', 'Авиакомпания': 'Россия'}"
"Привет, я Кузнецова Ольга Валерьевна, нужны билеты на самолет из Киева в Варшаву на 20 февраля 2024 года на 10:00 LOT Polish Airlines.","{'Имя': ['Кузнецова Ольга Валерьевна'], 'Количество пассажиров': '1', 'Город вылета': 'Киев', 'Город прилета': 'Варшава', 'Время': '10:00', 'Дата': '20.02.2024', 'Авиакомпания': 'LOT Polish Airlines'}"
Привет! Меня зовут Смирнов Алексей Николаевич. Надо купить билеты на самолет из Берлина в Прагу на 5 марта 2024 года на 15:45 Lufthansa.,"{'Имя': ['Смирнов Алексей Николаевич'], 'Количество пассажиров': '1', 'Город вылета': 'Берлин', 'Город прилета': 'Прага', 'Время': '15:45', 'Дата': '05.03.2024', 'Авиакомпания': 'Lufthansa'}"
Добрый вечер! Меня зовут Попова Екатерина Дмитриевна. Нужны билеты на двух человек: Чернов Максим Алексеевич и Степанова Анна Сергеевна. Лечу 10 апреля 2024 года в 18:20 из Милана в Рим. Alitalia.,"{'Имя': ['Чернов Максим Алексеевич', 'Степанова Анна Сергеевна'], 'Количество пассажиров': '2', 'Город вылета': 'Милан', 'Город прилета': 'Рим', 'Время': '18:20', 'Дата': '10.04.2024', 'Авиакомпания': 'Alitalia'}"
Привет! Меня зовут Козлова Маргарита Александровна. Лечу из Лондона в Барселону 15 мая 2024 года в 14:15 Ryanair. Необходимо купить билеты.,"{'Имя': ['Козлова Маргарита Александровна'], 'Количество пассажиров': '1', 'Город вылета': 'Лондон', 'Город прилета': 'Барселона', 'Время': '14:15', 'Дата': '15.05.2024', 'Авиакомпания': 'Ryanair'}"
"Привет, я Исаев Артем Валерьевич. Нужны билеты на самолет из Токио в Сеул на 25 июня 2024 года на 08:30 Asiana Airlines.","{'Имя': ['Исаев Артем Валерьевич'], 'Количество пассажиров': '1', 'Город вылета': 'Токио', 'Город прилета': 'Сеул', 'Время': '08:30', 'Дата': '25.06.2024', 'Авиакомпания': 'Asiana Airlines'}"
Добрый день! Меня зовут Федорова Анна Ивановна. Лечу из Стамбула в Афины 7 июля 2024 года в 16:45 Turkish Airlines. Надо купить билеты.,"{'Имя': ['Федорова Анна Ивановна'], 'Количество пассажиров': '1', 'Город вылета': 'Стамбул', 'Город прилета': 'Афины', 'Время': '16:45', 'Дата': '07.07.2024', 'Авиакомпания': 'Turkish Airlines'}"
"Привет, меня зовут Сидорова Анна Сергеевна. Я планирую полететь из Киева в Берлин 20 марта 2024 года в 08:45. Необходимы билеты для одного пассажира, авиакомпания Lufthansa.","{'Имя': ['Сидорова Анна Сергеевна'], 'Количество пассажиров': '1', 'Город вылета': 'Киев', 'Город прилета': 'Берлин', 'Время': '08:45', 'Дата': '20.03.2024', 'Авиакомпания': 'Lufthansa'}"
Здравствуйте! Меня зовут Петров Петр Иванович. Необходимо забронировать билеты на самолет из Лондона в Нью-Йорк на 05.06.2024 в 15:15. Количество пассажиров - 1. Авиакомпания British Airways.,"{'Имя': ['Петров Петр Иванович'], 'Количество пассажиров': '1', 'Город вылета': 'Лондон', 'Город прилета': 'Нью-Йорк', 'Время': '15:15', 'Дата': '05.06.2024', 'Авиакомпания': 'British Airways'}"
Добрый вечер! Меня зовут Лебедева Елена Владимировна. Я бы хотела заказать билеты на двух человек: Кузнецов Александр Игоревич и Кузнецова Ольга Алексеевна. Полететь из Рима в Париж 10.09.2023 в 14:00. Авиакомпания Air France.,"{'Имя': ['Кузнецов Александр Игоревич', 'Кузнецова Ольга Алексеевна'], 'Количество пассажиров': '2', 'Город вылета': 'Рим', 'Город прилета': 'Париж', 'Время': '14:00', 'Дата': '10.09.2023', 'Авиакомпания': 'Air France'}"
"Привет! Меня зовут Новиков Дмитрий Николаевич. Пожалуйста, забронируйте билеты на самолет из Токио в Сеул на 07.05.2024 в 10:30. Я буду лететь один, авиакомпания Korean Air.","{'Имя': ['Новиков Дмитрий Николаевич'], 'Количество пассажиров': '1', 'Город вылета': 'Токио', 'Город прилета': 'Сеул', 'Время': '10:30', 'Дата': '07.05.2024', 'Авиакомпания': 'Korean Air'}"
"Здравствуйте, меня зовут Шевченко Мария Александровна. Необходимо купить билеты на самолет из Барселоны в Рим на 18 апреля 2024 года в 16:20. Я лечу одна. Авиакомпания Vueling.","{'Имя': ['Шевченко Мария Александровна'], 'Количество пассажиров': '1', 'Город вылета': 'Барселона', 'Город прилета': 'Рим', 'Время': '16:20', 'Дата': '18.04.2024', 'Авиакомпания': 'Vueling'}"
"Привет, меня зовут Иванова Елена Александровна. Хочу купить билеты на самолет из Санкт-Петербурга в Москву на 15 января 2024 года на 14:00 Аэрофлотом.","{'Имя': ['Иванова Елена Александровна'], 'Количество пассажиров': '1', 'Город вылета': 'Санкт-Петербург', 'Город прилета': 'Москва', 'Время': '14:00', 'Дата': '15.01.2024', 'Авиакомпания': 'Аэрофлот'}"
Добрый день! Меня зовут Смирнов Игорь Владимирович. Собираюсь лететь 13.08.2024 в 23:30 в Мадрид из Парижа. Мне нужны билеты на двух человек: Карпова Анна Игоревна и Кузнецов Дмитрий Петрович. Авиакомпания S7.,"{'Имя': ['Карпова Анна Игоревна', 'Кузнецов Дмитрий Петрович'], 'Количество пассажиров': '2', 'Город вылета': 'Париж', 'Город прилета': 'Мадрид', 'Время': '23:30', 'Дата': '13.08.2024', 'Авиакомпания': 'S7'}"
Привет! Меня зовут Николаев Дмитрий Павлович. Желаю заказать билеты на самолет из Берлина в Рим на 10 апреля 2023 года в 16:20. Лечу один. Авиакомпания Lufthansa.,"{'Имя': ['Николаев Дмитрий Павлович'], 'Количество пассажиров': '1', 'Город вылета': 'Берлин', 'Город прилета': 'Рим', 'Время': '16:20', 'Дата': '10.04.2023', 'Авиакомпания': 'Lufthansa'}"
Доброго времени суток! Меня зовут Полякова Анастасия Сергеевна. Необходимо забронировать билеты на самолет из Токио в Сеул на 07.05.2024 в 10:30. Лечу одна. Авиакомпания Korean Air.,"{'Имя': ['Полякова Анастасия Сергеевна'], 'Количество пассажиров': '1', 'Город вылета': 'Токио', 'Город прилета': 'Сеул', 'Время': '10:30', 'Дата': '07.05.2024', 'Авиакомпания': 'Korean Air'}"
"Здравствуйте, меня зовут Лебедев Артем Алексеевич. Необходимо заказать билеты на двоих: Королева Ольга Игоревна и Королев Андрей Станиславович. Летим из Варшавы в Москву 25.07.2023 в 09:00. Компания LOT Polish Airlines.","{'Имя': ['Королева Ольга Игоревна', 'Королев Андрей Станиславович'], 'Количество пассажиров': '2', 'Город вылета': 'Варшава', 'Город прилета': 'Москва', 'Время': '09:00', 'Дата': '25.07.2023', 'Авиакомпания': 'LOT Polish Airlines'}"
Привет! Меня зовут Соколова Екатерина Владимировна. Желаю заказать билеты на самолет из Москвы в Санкт-Петербург на 20 января 2024 года в 15:30. Лечу одна. Авиакомпания Россия.,"{'Имя': ['Соколова Екатерина Владимировна'], 'Количество пассажиров': '1', 'Город вылета': 'Москва', 'Город прилета': 'Санкт-Петербург', 'Время': '15:30', 'Дата': '20.01.2024', 'Авиакомпания': 'Россия'}"
Добрый день! Меня зовут Игнатьев Иван Викторович. Собираюсь лететь 05.07.2024 в 12:15 в Барселону. Необходимо купить билеты на двух человек: Кузнецова Мария Александровна и Шаповалов Артем Сергеевич. Авиакомпания Vueling.,"{'Имя': ['Кузнецова Мария Александровна', 'Шаповалов Артем Сергеевич'], 'Количество пассажиров': '2', 'Город вылета': 'Москва', 'Город прилета': 'Барселона', 'Время': '12:15', 'Дата': '05.07.2024', 'Авиакомпания': 'Vueling'}"
Привет! Меня зовут Петров Владимир Николаевич. Хочу заказать билеты на самолет из Лондона в Париж на 10 февраля 2024 года в 18:00. Один пассажир. Авиакомпания Air France.,"{'Имя': ['Петров Владимир Николаевич'], 'Количество пассажиров': '1', 'Город вылета': 'Лондон', 'Город прилета': 'Париж', 'Время': '18:00', 'Дата': '10.02.2024', 'Авиакомпания': 'Air France'}"
Добрый вечер! Меня зовут Захарова Елена Васильевна. Нужно купить билеты на самолет из Токио в Сеул на 07.05.2024 в 10:30. Лечу одна. Авиакомпания Korean Air.,"{'Имя': ['Захарова Елена Васильевна'], 'Количество пассажиров': '1', 'Город вылета': 'Токио', 'Город прилета': 'Сеул', 'Время': '10:30', 'Дата': '07.05.2024', 'Авиакомпания': 'Korean Air'}"
"Здравствуйте, меня зовут Козлов Артем Алексеевич. Необходимо заказать билеты на двоих: Королева Ольга Игоревна и Королев Андрей Станиславович. Летим из Варшавы в Москву 25.07.2023 в 09:00. Компания LOT Polish Airlines.","{'Имя': ['Королева Ольга Игоревна', 'Королев Андрей Станиславович'], 'Количество пассажиров': '2', 'Город вылета': 'Варшава', 'Город прилета': 'Москва', 'Время': '09:00', 'Дата': '25.07.2023', 'Авиакомпания': 'LOT Polish Airlines'}"
"Привет! Меня зовут Smith John Robert, и я хочу приобрести билеты на самолет из Нью-Йорка в Лос-Анджелес на 15 января 2024 года в 12:30 компанией Delta Airlines.","{'Имя': ['Smith John Robert'], 'Количество пассажиров': '1', 'Город вылета': 'Нью-Йорк', 'Город прилета': 'Лос-Анджелес', 'Время': '12:30', 'Дата': '15.01.2024', 'Авиакомпания': 'Delta Airlines'}"
"Hello! My name is Martinez Maria Gabriela, and I need tickets for a flight from Madrid to Barcelona on February 10, 2024, at 16:45. I am flying alone. Airline: Iberia.","{'Имя': ['Martinez Maria Gabriela'], 'Количество пассажиров': '1', 'Город вылета': 'Madrid', 'Город прилета': 'Barcelona', 'Время': '16:45', 'Дата': '10.02.2024', 'Авиакомпания': 'Iberia'}"
"Hello! My name is Tanaka Hiroshi, and I want to buy tickets for a flight from Tokyo to Seoul on May 7, 2024, at 10:30. I am traveling alone. Airline: Korean Air.","{'Имя': ['Tanaka Hiroshi'], 'Количество пассажиров': '1', 'Город вылета': 'Tokyo', 'Город прилета': 'Seoul', 'Время': '10:30', 'Дата': '07.05.2024', 'Авиакомпания': 'Korean Air'}"
"Hi! My name is Johnson Emma. I want to purchase tickets for a flight from London to Amsterdam on March 10, 2024, at 15:15. I am traveling alone. Airline: KLM.","{'Имя': ['Johnson Emma'], 'Количество пассажиров': '1', 'Город вылета': 'London', 'Город прилета': 'Amsterdam', 'Время': '15:15', 'Дата': '10.03.2024', 'Авиакомпания': 'KLM'}"
"Hello! My name is Ivanov Ivan. I want to purchase tickets for a flight from Moscow to Saint Petersburg on December 26, 2023, at 14:00 with Aeroflot.","{'Имя': ['Ivanov Ivan'], 'Количество пассажиров': '1', 'Город вылета': 'Moscow', 'Город прилета': 'Saint Petersburg', 'Время': '14:00', 'Дата': '26.12.2023', 'Авиакомпания': 'Aeroflot'}"
Привет! Меня зовут Johnson Emily Ann. Я хочу купить билеты на самолет из Лондона в Париж 10 января 2024 года в 16:45 с British Airways.,"{'Имя': ['Johnson Emily Ann'], 'Количество пассажиров': '1', 'Город вылета': 'Лондон', 'Город прилета': 'Париж', 'Время': '16:45', 'Дата': '10.01.2024', 'Авиакомпания': 'British Airways'}"
Добрый вечер! Меня зовут Tanaka Hiroshi. Я хочу купить билеты на самолет из Токио в Сеул 7 мая 2024 года в 10:30 с Korean Air.,"{'Имя': ['Tanaka Hiroshi'], 'Количество пассажиров': '1', 'Город вылета': 'Токио', 'Город прилета': 'Сеул', 'Время': '10:30', 'Дата': '07.05.2024', 'Авиакомпания': 'Korean Air'}"
Добрый вечер! Меня зовут Tanaka Hiroshi. Я хочу купить билеты на самолет из Токио в Сеул 7 мая 2024 года в 10:30 с Korean Air.,"{'Имя': ['Tanaka Hiroshi'], 'Количество пассажиров': '1', 'Город вылета': 'Токио', 'Город прилета': 'Сеул', 'Время': '10:30', 'Дата': '07.05.2024', 'Авиакомпания': 'Korean Air'}"
"Hello, my name is Petrov Dmitry Alexeevich. Please book a flight from Moscow to St. Petersburg on December 26, 2023, at 14:00 with Aeroflot.","{'Имя': ['Petrov Dmitry Alexeevich'], 'Количество пассажиров': '1', 'Город вылета': 'Moscow', 'Город прилета': 'St. Petersburg', 'Время': '14:00', 'Дата': '26.12.2023', 'Авиакомпания': 'Aeroflot'}"
"Добрый день! Меня зовут Johnson Emily Ann. I need tickets for a flight from Paris to Madrid on August 13, 2024, at 23:30 with Air France.","{'Имя': ['Johnson Emily Ann'], 'Количество пассажиров': '1', 'Город вылета': 'Paris', 'Город прилета': 'Madrid', 'Время': '23:30', 'Дата': '13.08.2024', 'Авиакомпания': 'Air France'}"
"Привет! My name is Ivanova Elena Petrovna. I would like to reserve tickets for a flight from St. Petersburg to Sochi on September 5, 2024, at 12:45 with S7 Airlines.","{'Имя': ['Ivanova Elena Petrovna'], 'Количество пассажиров': '1', 'Город вылета': 'St. Petersburg', 'Город прилета': 'Sochi', 'Время': '12:45', 'Дата': '05.09.2024', 'Авиакомпания': 'S7 Airlines'}"
"Hi there! Я - Nguyen Thi Kim Anh. I'm flying from Hanoi to Ho Chi Minh City on October 20, 2023, at 15:20 with Vietnam Airlines.","{'Имя': ['Nguyen Thi Kim Anh'], 'Количество пассажиров': '1', 'Город вылета': 'Hanoi', 'Город прилета': 'Ho Chi Minh City', 'Время': '15:20', 'Дата': '20.10.2023', 'Авиакомпания': 'Vietnam Airlines'}"
"Здравствуйте! My name is Smith John. I need tickets for a flight from New York to Los Angeles on June 8, 2024, at 10:15 with Delta Airlines.","{'Имя': ['Smith John'], 'Количество пассажиров': '1', 'Город вылета': 'New York', 'Город прилета': 'Los Angeles', 'Время': '10:15', 'Дата': '08.06.2024', 'Авиакомпания': 'Delta Airlines'}"
"Hola, me llamo Rodriguez Maria. I want to book tickets for a flight from Barcelona to Madrid on November 15, 2023, at 18:30 with Iberia.","{'Имя': ['Rodriguez Maria'], 'Количество пассажиров': '1', 'Город вылета': 'Barcelona', 'Город прилета': 'Madrid', 'Время': '18:30', 'Дата': '15.11.2023', 'Авиакомпания': 'Iberia'}"
"Привет! My name is Johnson Robert. I need tickets for a flight from London to Amsterdam on July 5, 2023, at 16:20 with KLM Royal Dutch Airlines.","{'Имя': ['Johnson Robert'], 'Количество пассажиров': '1', 'Город вылета': 'London', 'Город прилета': 'Amsterdam', 'Время': '16:20', 'Дата': '05.07.2023', 'Авиакомпания': 'KLM Royal Dutch Airlines'}"
"Hi, my name is Ivanov Dmitry Sergeyevich. Please book tickets for a flight from Moscow to St. Petersburg on December 26, 2023, at 14:00 with Aeroflot.","{'Имя': ['Ivanov Dmitry Sergeyevich'], 'Количество пассажиров': '1', 'Город вылета': 'Moscow', 'Город прилета': 'St. Petersburg', 'Время': '14:00', 'Дата': '26.12.2023', 'Авиакомпания': 'Aeroflot'}"
"Hello! My name is Kim Ji-won. I would like to reserve tickets for a flight from Seoul to Tokyo on September 5, 2024, at 12:45 with Korean Air.","{'Имя': ['Kim Ji-won'], 'Количество пассажиров': '1', 'Город вылета': 'Seoul', 'Город прилета': 'Tokyo', 'Время': '12:45', 'Дата': '05.09.2024', 'Авиакомпания': 'Korean Air'}"
"Bonjour! Je m'appelle Dubois Marie. I am flying from Paris to Nice on October 20, 2023, at 15:20 with Air France.","{'Имя': ['Dubois Marie'], 'Количество пассажиров': '1', 'Город вылета': 'Paris', 'Destination City': 'Nice', 'Время': '15:20', 'Дата': '20.10.2023', 'Авиакомпания': 'Air France'}"
"Здравствуйте! Меня зовут Иванов Андрей Петрович. I need tickets for a flight from Moscow to Beijing on July 5, 2023, at 16:20 with China Eastern Airlines.","{'Имя': ['Иванов Андрей Петрович'], 'Количество пассажиров': '1', 'Город вылета': 'Moscow', 'Город прилета': 'Beijing', 'Время': '16:20', 'Дата': '05.07.2023', 'Авиакомпания': 'China Eastern Airlines'}"
Добрый вечер! Меня зовут Иванов Петр Александрович. Нужно приобрести билеты на самолет из Москвы в Санкт-Петербург на 15 июля 2023 года в 12:00. Лечу один. Авиакомпания: Aeroflot.,"{'Имя': ['Иванов Петр Александрович'], 'Количество пассажиров': '1', 'Город вылета': 'Москва', 'Город прилета': 'Санкт-Петербург', 'Время': '12:00', 'Дата': '15.07.2023', 'Авиакомпания': 'Aeroflot'}"
"Good day! My name is Smith Jennifer. I need to buy tickets for August 20, 2024, at 14:30 from London to Berlin. Flying alone. Airline: Lufthansa.","{'Имя': ['Smith Jennifer'], 'Количество пассажиров': '1', 'Город вылета': 'London', 'Город прилета': 'Berlin', 'Время': '14:30', 'Дата': '20.08.2024', 'Авиакомпания': 'Lufthansa'}"
"Привет! Меня зовут Ким Чул Су. I want to book tickets for a flight from Seoul to Tokyo on May 3, 2023, at 09:45. I am flying alone. Airline: Korean Air.","{'Имя': ['Ким Чул Су'], 'Количество пассажиров': '1', 'Город вылета': 'Seoul', 'Город прилета': 'Tokyo', 'Время': '09:45', 'Дата': '03.05.2023', 'Авиакомпания': 'Korean Air'}"
"Hello! My name is Johnson Michael. I am planning to fly from New York to Los Angeles on June 8, 2024, at 10:15. I need tickets for two people: Smith Emily and Davis William. Airline: Delta Airlines.","{'Имя': ['Johnson Michael', 'Smith Emily', 'Davis William'], 'Количество пассажиров': '3', 'Город вылета': 'New York', 'Город прилета': 'Los Angeles', 'Дата': '10:15', 'Date': '08.06.2024', 'Авиакомпания': 'Delta Airlines'}"
"Здравствуйте! Меня зовут Белов Алексей Владимирович. I need to purchase tickets for a flight from Moscow to Beijing on July 5, 2023, at 16:20 with China Eastern Airlines.","{'Имя': ['Белов Алексей Владимирович'], 'Количество пассажиров': '1', 'Город вылета': 'Москва', 'Город прилета': 'Beijing', 'Время': '16:20', 'Дата': '05.07.2023', 'Авиакомпания': 'China Eastern Airlines'}"
"Привет! My name is Clark Emma. I need to book tickets for a flight from Moscow to Istanbul on November 12, 2023, at 11:30. I am flying alone. Airline: Turkish Airlines.","{'Имя': ['Clark Emma'], 'Количество пассажиров': '1', 'Город вылета': 'Moscow', 'Город прилета': 'Istanbul', 'Время': '11:30', 'Дата': '12.11.2023', 'Авиакомпания': 'Turkish Airlines'}"
Добрый день! Меня зовут Грозный Илья Васильевич. Планирую лететь 15 мая 2024 года в 09:00 из Берлина в Рим. Мне нужны билеты на двух человек: Петрова Мария Игоревна и Сидоров Сергей Петрович. Авиакомпания Lufthansa.,"{'Имя': ['Грозный Илья Васильевич', 'Петрова Мария Игоревна', 'Сидоров Сергей Петрович'], 'Количество пассажиров': '3', 'Город вылета': 'Берлин', 'Город прилета': 'Рим', 'Время': '09:00', 'Дата': '15.05.2024', 'Авиакомпания': 'Lufthansa'}"
Добрый день! Меня зовут Иванова Анна Петровна. Планирую перелет из Москвы в Барселону на 15 июня 2023 года в 12:45. Необходимо купить билеты для двух человек: Сидоров Владимир Александрович и Козлова Ольга Игоревна. Предпочтительная авиакомпания - Aeroflot.,"{'Имя': ['Иванова Анна Петровна', 'Сидоров Владимир Александрович', 'Козлова Ольга Игоревна'], 'Количество пассажиров': '3', 'Город вылета': 'Москва', 'Город прилета': 'Барселона', 'Время': '12:45', 'Дата': '15.06.2023', 'Авиакомпания': 'Aeroflot'}"
Привет! Меня зовут Brown Michael. Необходимо заказать билеты на самолет из Сиднея в Токио на 05 мая 2023 года в 08:00. Лечу один. Желаемая авиакомпания - Qantas.,"{'Имя': ['Brown Michael'], 'Количество пассажиров': '1', 'Город вылета': 'Сидней', 'Город прилета': 'Токио', 'Время': '08:00', 'Дата': '05.05.2023', 'Авиакомпания': 'Qantas'}"
"Здравствуйте! Я планирую перелететь из Рима в Нью-Йорк 10 сентября 2023 года в 19:20. Необходимы билеты для трех человек: Петров Алексей Иванович, Иванова Екатерина Владимировна и Смирнов Дмитрий Петрович. Предпочтительная авиакомпания - Alitalia.","{'Имя': ['Петров Алексей Иванович', 'Иванова Екатерина Владимировна', 'Смирнов Дмитрий Петрович'], 'Количество пассажиров': '3', 'Город вылета': 'Рим', 'Город прилета': 'Нью-Йорк', 'Время': '19:20', 'Дата': '10.09.2023', 'Авиакомпания': 'Alitalia'}"
Добрый день! Меня зовут Иванова Анна Петровна. Планирую перелет из Москвы в Барселону на 15 июня 2023 года в 12:45. Необходимо купить билеты для двух человек: Сидоров Владимир Александрович и Козлова Ольга Игоревна. Предпочтительная авиакомпания - Aeroflot.,"{'Имя': ['Иванова Анна Петровна', 'Сидоров Владимир Александрович', 'Козлова Ольга Игоревна'], 'Количество пассажиров': '3', 'Город вылета': 'Москва', 'Город прилета': 'Барселона', 'Время': '12:45', 'Дата': '15.06.2023', 'Авиакомпания': 'Aeroflot'}"
"Здравствуйте! Я планирую перелететь из Рима в Нью-Йорк 10 сентября 2023 года в 19:20. Необходимы билеты для трех человек: Петров Алексей Иванович, Иванова Екатерина Владимировна и Смирнов Дмитрий Петрович. Предпочтительная авиакомпания - Alitalia.","{'Имя': ['Петров Алексей Иванович', 'Иванова Екатерина Владимировна', 'Смирнов Дмитрий Петрович'], 'Количество пассажиров': '3', 'Город вылета': 'Рим', 'Город прилета': 'Нью-Йорк', 'Время': '19:20', 'Дата': '10.09.2023', 'Авиакомпания': 'Alitalia'}"
Добрый вечер! Меня зовут Taylor Emma. Нужно купить билеты на самолет из Лондона в Париж на 23 июля 2024 года в 15:15. Полечу одна. Желаемая авиакомпания - British Airways.,"{'Имя': ['Taylor Emma'], 'Количество пассажиров': '1', 'Город вылета': 'Лондон', 'Город прилета': 'Париж', 'Время': '15:15', 'Дата': '23.07.2024', 'Авиакомпания': 'British Airways'}"
"Hello! My name is Garcia Juan. I need to book tickets for a flight from Madrid to Amsterdam on September 3, 2023, at 14:30. I'll be flying alone. Preferred airline: KLM.","{'Имя': ['Garcia Juan'], 'Количество пассажиров': '1', 'Город вылета': 'Madrid', 'Город прилета': 'Amsterdam', 'Время': '14:30', 'Дата': '03.09.2023', 'Авиакомпания': 'KLM'}"
"Hello, my name is Smith Emma. I need to book tickets for a flight from London to Berlin on December 15, 2023, at 10:30 with Lufthansa.","{'Имя': ['Smith Emma'], 'Количество пассажиров': '1', 'Город вылета': 'London', 'Город прилета': 'Berlin', 'Время': '10:30', 'Дата': '15.12.2023', 'Авиакомпания': 'Lufthansa'}"
"Привет! Меня зовут Романов Иван Петрович. Пожалуйста, забронируйте билеты на самолет из Санкт-Петербурга в Москву на 5 января 2024 года в 14:00 с Aeroflot.","{'Имя': ['Романов Иван Петрович'], 'Количество пассажиров': '1', 'Город вылета': 'Санкт-Петербург', 'Город прилета': 'Москва', 'Время': '14:00', 'Дата': '05.01.2024', 'Авиакомпания': 'Aeroflot'}"
"Good afternoon! My name is Taylor John. I'm planning to fly from Paris to Amsterdam on August 20, 2024, at 16:45. I'll be traveling alone, and I prefer KLM.","{'Имя': ['Taylor John'], 'Количество пассажиров': '1', 'Город вылета': 'Paris', 'Город прилета': 'Amsterdam', 'Время': '16:45', 'Дата': '20.08.2024', 'Авиакомпания': 'KLM'}"
Привет! Меня зовут Анна Коваленко. Нужно заказать билеты на самолет из Киева в Барселону на 10 марта 2024 года в 12:30. Полечу одна. Предпочтительная авиакомпания - Vueling.,"{'Имя': ['Анна Коваленко'], 'Количество пассажиров': '1', 'Город вылета': 'Киев', 'Город прилета': 'Барселона', 'Время': '12:30', 'Дата': '10.03.2024', 'Авиакомпания': 'Vueling'}"
"Hello! I'm planning to fly from New York to Los Angeles on September 5, 2023, at 08:00. I will be traveling alone, and I prefer Delta Airlines.","{'Имя': ['Brown Sarah'], 'Количество пассажиров': '1', 'Город вылета': 'New York', 'Город прилета': 'Los Angeles', 'Время': '08:00', 'Дата': '05.09.2023', 'Авиакомпания': 'Delta Airlines'}"
Добрый день! Я - Игорь Михайлов. Необходимо приобрести билеты на самолет из Минска в Варшаву на 15 апреля 2024 года в 18:20. Лечу один. Желаемая авиакомпания - LOT Polish Airlines.,"{'Имя': ['Игорь Михайлов'], 'Количество пассажиров': '1', 'Город вылета': 'Минск', 'Город прилета': 'Варшава', 'Время': '18:20', 'Дата': '15.04.2024', 'Авиакомпания': 'LOT Polish Airlines'}"
"Hi there! My name is Olivia Johnson. I need to buy tickets for a flight from Sydney to Tokyo on June 10, 2023, at 14:45. I'll be flying alone. Preferred airline: Qantas.","{'Имя': ['Olivia Johnson'], 'Количество пассажиров': '1', 'Город вылета': 'Sydney', 'Город прилета': 'Tokyo', 'Время': '14:45', 'Дата': '10.06.2023', 'Авиакомпания': 'Qantas'}"
"Привет! Меня зовут Джеймс Смит. Пожалуйста, забронируйте билеты на самолет из Лос-Анджелеса в Лондон на 25 ноября 2023 года в 20:00. Полечу один. Предпочтительная авиакомпания - British Airways.","{'Имя': ['Джеймс Смит'], 'Количество пассажиров': '1', 'Город вылета': 'Лос-Анджелес', 'Город прилета': 'Лондон', 'Время': '20:00', 'Дата': '25.11.2023', 'Авиакомпания': 'British Airways'}"
"Good evening! My name is Angelina Jolie. I need to purchase tickets for a flight from Los Angeles to Tokyo on January 10, 2024, at 15:45. I'll be flying solo, and I prefer SkyLux Airlines.","{'Имя': ['Angelina Jolie'], 'Количество пассажиров': '1', 'Город вылета': 'Los Angeles', 'Город прилета': 'Tokyo', 'Время': '15:45', 'Дата': '10.01.2024', 'Авиакомпания': 'SkyLux Airlines'}"
"Hello! My name is Leonardo DiCaprio. Can you help me book tickets for a flight from New York to Paris on June 5, 2023, at 12:30? I'm traveling alone, and I prefer Celestial Airways.","{'Имя': ['Leonardo DiCaprio'], 'Количество пассажиров': '1', 'Город вылета': 'New York', 'Город прилета': 'Paris', 'Время': '12:30', 'Дата': '05.06.2023', 'Авиакомпания': 'Celestial Airways'}"
Добрый вечер! Меня зовут Александр Ревва. Нужно заказать билеты на самолет из Москвы в Берлин на 20 сентября 2024 года в 18:20. Лечу один. Предпочитаю авиакомпанию AirFantasy.,"{'Имя': ['Александр Ревва'], 'Количество пассажиров': '1', 'Город вылета': 'Москва', 'Город прилета': 'Берлин', 'Время': '18:20', 'Дата': '20.09.2024', 'Авиакомпания': 'AirFantasy'}"
"Hi there! I'm Scarlett Johansson. I need to buy tickets for a flight from Sydney to Rome on July 15, 2023, at 08:00. I'll be traveling alone, and I prefer StarJet Airlines.","{'Имя': ['Scarlett Johansson'], 'Количество пассажиров': '1', 'Город вылета': 'Sydney', 'Город прилета': 'Rome', 'Время': '08:00', 'Дата': '15.07.2023', 'Авиакомпания': 'StarJet Airlines'}"
"Hello! I am Tom Hanks. Can you help me book tickets for a flight from London to Barcelona on November 20, 2023, at 16:45? I'm traveling solo, and I prefer AeroDream Airlines.","{'Имя': ['Tom Hanks'], 'Количество пассажиров': '1', 'Город вылета': 'London', 'Город прилета': 'Barcelona', 'Время': '16:45', 'Дата': '20.11.2023', 'Авиакомпания': 'AeroDream Airlines'}"
Добрый вечер! Меня зовут Наталья Орейро. Нужно заказать билеты на самолет из Буэнос-Айреса в Москву на 15 апреля 2024 года в 18:20. Полечу одна. Предпочитаю авиакомпанию TangoAir.,"{'Имя': ['Наталья Орейро'], 'Количество пассажиров': '1', 'Город вылета': 'Буэнос-Айрес', 'Город прилета': 'Москва', 'Время': '18:20', 'Дата': '15.04.2024', 'Авиакомпания': 'TangoAir'}"
"Hi! My name is Cristiano Ronaldo. I need to purchase tickets for a flight from Madrid to Dubai on September 8, 2023, at 14:45. I'll be flying alone, and I prefer SkyChampion Airlines.","{'Имя': ['Cristiano Ronaldo'], 'Количество пассажиров': '1', 'Город вылета': 'Madrid', 'Город прилета': 'Dubai', 'Время': '14:45', 'Дата': '08.09.2023', 'Авиакомпания': 'SkyChampion Airlines'}"
"Good evening! My name is Emma Watson. I need to purchase tickets for a flight from London to New York on March 15, 2024, at 14:00. I'll be flying solo, and I prefer AirNimbus Airlines.","{'Имя': ['Emma Watson'], 'Количество пассажиров': '1', 'Город вылета': 'London', 'Город прилета': 'New York', 'Время': '14:00', 'Дата': '15.03.2024', 'Авиакомпания': 'AirNimbus Airlines'}"
"Hello! I'm George Clooney. Can you help me book tickets for a flight from Los Angeles to Paris on June 8, 2023, at 12:30? I'm traveling alone, and I prefer StarJet Airways.","{'Имя': ['George Clooney'], 'Количество пассажиров': '1', 'Город вылета': 'Los Angeles', 'Город прилета': 'Paris', 'Время': '12:30', 'Дата': '08.06.2023', 'Авиакомпания': 'StarJet Airways'}"
Добрый вечер! Меня зовут Николай Костер-Валдау. Нужно заказать билеты на самолет из Москвы в Барселону на 20 сентября 2024 года в 18:20. Лечу один. Предпочитаю авиакомпанию SkyVoyager.,"{'Имя': ['Николай Костер-Валдау'], 'Количество пассажиров': '1', 'Город вылета': 'Москва', 'Город прилета': 'Барселона', 'Время': '18:20', 'Дата': '20.09.2024', 'Авиакомпания': 'SkyVoyager'}"
"Hi there! I'm Jennifer Lawrence. I need to buy tickets for a flight from Sydney to Rome on July 15, 2023, at 08:00. I'll be traveling alone, and I prefer AeroDream Airlines.","{'Имя': ['Jennifer Lawrence'], 'Количество пассажиров': '1', 'Город вылета': 'Sydney', 'Город прилета': 'Rome', 'Время': '08:00', 'Дата': '15.07.2023', 'Авиакомпания': 'AeroDream Airlines'}"
Привет! Меня зовут Владимир Машков. Необходимо приобрести билеты на самолет из Санкт-Петербурга в Милан на 05 мая 2024 года в 14:30. Лечу один. Желаемая авиакомпания - SkyLux Airlines.,"{'Имя': ['Владимир Машков'], 'Количество пассажиров': '1', 'Город вылета': 'Санкт-Петербург', 'Город прилета': 'Милан', 'Время': '14:30', 'Дата': '05.05.2024', 'Авиакомпания': 'SkyLux Airlines'}"
"Hello! I am Johnny Depp. Can you help me book tickets for a flight from Paris to Barcelona on November 20, 2023, at 16:45? I'm traveling solo, and I prefer Celestial Airways.","{'Имя': ['Johnny Depp'], 'Количество пассажиров': '1', 'Город вылета': 'Paris', 'Город прилета': 'Barcelona', 'Время': '16:45', 'Дата': '20.11.2023', 'Авиакомпания': 'Celestial Airways'}"
"Hello! I am Johnny Depp. Can you help me book tickets for a flight from Paris to Barcelona on November 20, 2023, at 16:45? I'm traveling solo, and I prefer Celestial Airways.","{'Имя': ['Johnny Depp'], 'Количество пассажиров': '1', 'Город вылета': 'Paris', 'Город прилета': 'Barcelona', 'Время': '16:45', 'Дата': '20.11.2023', 'Авиакомпания': 'Celestial Airways'}"
Добрый вечер! Меня зовут Марина Хлебникова. Нужно заказать билеты на самолет из Буэнос-Айреса в Москву на 15 апреля 2024 года в 18:20. Полечу одна. Предпочитаю авиакомпанию AirFantasy.,"{'Имя': ['Марина Хлебникова'], 'Количество пассажиров': '1', 'Город вылета': 'Буэнос-Айрес', 'Город прилета': 'Москва', 'Время': '18:20', 'Дата': '15.04.2024', 'Авиакомпания': 'AirFantasy'}"
"Hello, my name is Johnson Smith. I'm planning a trip to Tokyo. I need plane tickets from London on December 15, 2023, departing at 10:00 with British Airways.","{'Имя': ['Johnson Smith'], 'Количество пассажиров': '1', 'Город вылета': 'London', 'Город прилета': 'Tokyo', 'Время': '10:00', 'Дата': '15.12.2023', 'Авиакомпания': 'British Airways'}"
"Привет, меня зовут Елена Петрова. Планирую поездку в Шанхай. Необходимы билеты на самолет из Санкт-Петербурга 01.05.2024 года, вылет в 16:30 с Aeroflot.","{'Имя': ['Елена Петрова'], 'Количество пассажиров': '1', 'Город вылета': 'Санкт-Петербург', 'Город прилета': 'Шанхай', 'Время': '16:30', 'Дата': '01.05.2024', 'Авиакомпания': 'Aeroflot'}"
"I am planning a journey to Sydney. I need tickets for a flight from New York on 08/20/2023, departing at 18:45 with Qantas. My name is Alice Johnson.","{'Имя': ['Alice Johnson'], 'Количество пассажиров': '1', 'Город вылета': 'New York', 'Город прилета': 'Sydney', 'Время': '18:45', 'Дата': '20.08.2023', 'Авиакомпания': 'Qantas'}"
"Hi, I'm planning a trip to Rio de Janeiro. I need plane tickets from Los Angeles on 05/02/2024, departing at 20:00 with Delta Airlines. My name is Carlos Rodriguez.","{'Имя': ['Carlos Rodriguez'], 'Количество пассажиров': '1', 'Город вылета': 'Los Angeles', 'Город прилета': 'Rio de Janeiro', 'Время': '20:00', 'Дата': '02.05.2024', 'Авиакомпания': 'Delta Airlines'}"
"Привет, меня зовут Анна Ковалева. Собираюсь в путешествие в Дубай. Мне нужны билеты на самолет из Минска 15 апреля 2024 года, вылет в 12:00 с Belavia.","{'Имя': ['Анна Ковалева'], 'Количество пассажиров': '1', 'Город вылета': 'Минск', 'Город прилета': 'Дубай', 'Время': '12:00', 'Дата': '15.04.2024', 'Авиакомпания': 'Belavia'}"
"Greetings, my name is Emily White. I'm planning a trip to Cape Town. I need plane tickets from Berlin on 09/10/2023, departing at 15:45 with Lufthansa.","{'Имя': ['Emily White'], 'Количество пассажиров': '1', 'Город вылета': 'Berlin', 'Город прилета': 'Cape Town', 'Время': '15:45', 'Дата': '10.09.2023', 'Авиакомпания': 'Lufthansa'}"
"Hello, my name is Laura Miller. I'm planning a trip to Tokyo. I need plane tickets from New York on December 10, 2023, departing at 15:30 with Delta Airlines.","{'Имя': ['Laura Miller'], 'Количество пассажиров': '1', 'Город вылета': 'New York', 'Город прилета': 'Tokyo', 'Время': '15:30', 'Дата': '10.12.2023', 'Авиакомпания': 'Delta Airlines'}"
"Привет, меня зовут Андрей Смирнов. Собираюсь в путешествие в Лондон. Мне нужны билеты на самолет из Санкт-Петербурга на 15 февраля 2024 года, вылет в 10:45 British Airways.","{'Имя': ['Андрей Смирнов'], 'Количество пассажиров': '1', 'Город вылета': 'Санкт-Петербург', 'Город прилета': 'Лондон', 'Время': '10:45', 'Дата': '15.02.2024', 'Авиакомпания': 'British Airways'}"
"I am planning a journey to Dubai. I need tickets for a flight from Los Angeles on 05/20/2024, departing at 14:00 with Emirates. My name is David Johnson.","{'Имя': ['David Johnson'], 'Количество пассажиров': '1', 'Город вылета': 'Los Angeles', 'Город прилета': 'Dubai', 'Время': '14:00', 'Дата': '20.05.2024', 'Авиакомпания': 'Emirates'}"
"Hi, I'm planning a trip to Sydney. I need plane tickets from Berlin on 08/15/2023, departing at 21:45 with Qantas. My name is Christopher White.","{'Имя': ['Christopher White'], 'Количество пассажиров': '1', 'Город вылета': 'Berlin', 'Город прилета': 'Sydney', 'Время': '21:45', 'Дата': '15.08.2023', 'Авиакомпания': 'Qantas'}"
"Привет, меня зовут Александра Иванова. Собираюсь в отпуск в Барселону. Мне нужны билеты на самолет из Москвы 20 июля 2024 года, вылет в 12:30 Vueling.","{'Имя': ['Александра Иванова'], 'Количество пассажиров': '1', 'Город вылета': 'Москва', 'Город прилета': 'Барселона', 'Время': '12:30', 'Дата': '20.07.2024', 'Авиакомпания': 'Vueling'}"
"Greetings, my name is Olivia Taylor. I'm planning a trip to Singapore. I need plane tickets from Amsterdam on 09/25/2023, departing at 17:30 with Singapore Airlines.","{'Имя': ['Olivia Taylor'], 'Количество пассажиров': '1', 'Город вылета': 'Amsterdam', 'Город прилета': 'Singapore', 'Время': '17:30', 'Дата': '25.09.2023', 'Авиакомпания': 'Singapore Airlines'}"
"Hello, my name is Johnson Smith. I am planning a trip to Barcelona with my friends. Please book tickets for three people, including me, on a flight from London to Barcelona on January 15, 2024, at 16:45 with British Airways. Traveling with me are Emma Miller and Robert Davis.","{'Имя': ['Johnson Smith', 'Emma Miller', 'Robert Davis'], 'Количество пассажиров': '3', 'Город вылета': 'London', 'Город прилета': 'Barcelona', 'Время': '16:45', 'Дата': '15.01.2024', 'Авиакомпания': 'British Airways'}"
"Привет, меня зовут Елена Иванова. Планирую перелет в Рим из Санкт-Петербурга на 5 февраля 2024 года в 12:30 с Aeroflot. Забронируйте билеты на меня и мою подругу Анну Смирнову.","{'Имя': ['Елена Иванова', 'Анна Смирнова'], 'Количество пассажиров': '2', 'Город вылета': 'Санкт-Петербург', 'Город прилета': 'Рим', 'Время': '12:30', 'Дата': '05.02.2024', 'Авиакомпания': 'Aeroflot'}"
"Hello! I'm planning a business trip from New York to Tokyo on March 20, 2023, at 18:15. I need tickets for two people: Alex Johnson and Maria Tanaka. Please book with Delta Airlines.","{'Имя': ['Alex Johnson', 'Maria Tanaka'], 'Количество пассажиров': '2', 'Город вылета': 'New York', 'Город прилета': 'Tokyo', 'Время': '18:15', 'Дата': '20.03.2023', 'Авиакомпания': 'Delta Airlines'}"
"Good day! I am Sarah Brown. I am planning a flight to Sydney from Los Angeles on July 8, 2024, at 14:45. Please book tickets for myself and my colleagues, John Wilson and Emily Adams, with Qantas Airways.","{'Имя': ['Sarah Brown', 'John Wilson', 'Emily Adams'], 'Количество пассажиров': '3', 'Город вылета': 'Los Angeles', 'Город прилета': 'Sydney', 'Время': '14:45', 'Дата': '08.07.2024', 'Авиакомпания': 'Qantas Airways'}"
"Hello, my name is James Anderson. I'm planning a family trip to Dubai. Please book tickets for three people on a flight from London to Dubai on April 5, 2024, at 15:30 with Emirates. Traveling with me are Lisa Anderson and Emily Anderson.","{'Имя': ['James Anderson', 'Lisa Anderson', 'Emily Anderson'], 'Количество пассажиров': '3', 'Город вылета': 'London', 'Город прилета': 'Dubai', 'Время': '15:30', 'Дата': '05.04.2024', 'Авиакомпания': 'Emirates'}"
"Привет, меня зовут Наталья Игнатьева. Мы семьей собираемся полететь в Токио из Москвы 20 июня 2023 года в 12:00 с Aeroflot. Зарезервируйте, пожалуйста, билеты на меня, моего мужа Андрея и сына Илью.","{'Имя': ['Наталья Игнатьева', 'Андрей Игнатьев', 'Илья Игнатьев'], 'Количество пассажиров': '3', 'Город вылета': 'Москва', 'Город прилета': 'Токио', 'Время': '12:00', 'Дата': '20.06.2023', 'Авиакомпания': 'Aeroflot'}"
"Hi there! I'm planning a business trip from New York to Shanghai on September 15, 2023, at 17:45. I need tickets for two people: Michael Johnson and Sophia Chen. Please book with Delta Airlines.","{'Имя': ['Michael Johnson', 'Sophia Chen'], 'Количество пассажиров': '2', 'Город вылета': 'New York', 'Город прилета': 'Shanghai', 'Время': '17:45', 'Дата': '15.09.2023', 'Авиакомпания': 'Delta Airlines'}"
"Good day! I am Christopher Walker. I am planning a flight to Rio de Janeiro from Los Angeles on December 3, 2024, at 14:15. Please book tickets for myself and my colleagues, Jennifer Taylor and David Martinez, with LATAM Airlines.","{'Имя': ['Christopher Walker', 'Jennifer Taylor', 'David Martinez'], 'Количество пассажиров': '3', 'Город вылета': 'Los Angeles', 'Город прилета': 'Rio de Janeiro', 'Время': '14:15', 'Дата': '03.12.2024', 'Авиакомпания': 'LATAM Airlines'}"
"Hello, my name is Julia Thompson. I'm planning a solo trip to Barcelona. Please book a ticket for me on a flight from Berlin to Barcelona on May 10, 2023, at 16:30 with Lufthansa.","{'Имя': ['Julia Thompson'], 'Количество пассажиров': '1', 'Город вылета': 'Berlin', 'Город прилета': 'Barcelona', 'Время': '16:30', 'Дата': '10.05.2023', 'Авиакомпания': 'Lufthansa'}"
"Привет, меня зовут Игорь Смирнов. С семьей планируем поездку в Рим. Забронируйте для меня, моей жены Ольги и сына Даниила билеты на самолет из Москвы в Рим 15 июля 2024 года на 18:45 с Aeroflot.","{'Имя': ['Игорь Смирнов', 'Ольга Смирнова', 'Даниил Смирнов'], 'Количество пассажиров': '3', 'Город вылета': 'Москва', 'Город прилета': 'Рим', 'Время': '18:45', 'Дата': '15.07.2024', 'Авиакомпания': 'Aeroflot'}"
"Hi there! I am Alex Rodriguez. I am flying to Tokyo from New York on September 5, 2023, at 20:15. Please reserve tickets for myself and my colleague, Emma Wilson, with Delta Airlines.","{'Имя': ['Alex Rodriguez', 'Emma Wilson'], 'Количество пассажиров': '2', 'Город вылета': 'New York', 'Город прилета': 'Tokyo', 'Время': '20:15', 'Дата': '05.09.2023', 'Авиакомпания': 'Delta Airlines'}"
"Good day! I'm planning a group trip to Sydney from Los Angeles on March 15, 2024, at 14:30. Please book tickets for myself, Jennifer Davis, and John Smith with Qantas Airways.","{'Имя': ['Christopher Walker', 'Jennifer Davis', 'John Smith'], 'Количество пассажиров': '3', 'Город вылета': 'Los Angeles', 'Город прилета': 'Sydney', 'Время': '14:30', 'Дата': '15.03.2024', 'Авиакомпания': 'Qantas Airways'}"
"Hello, my name is David Miller. I'm flying to Tokyo with my family for a vacation. Please book tickets for three people on a flight from New York to Tokyo on April 15, 2023, at 16:30 with Delta Airlines. Traveling with me are Sarah Miller and Emily Miller.","{'Имя': ['David Miller', 'Sarah Miller', 'Emily Miller'], 'Количество пассажиров': '3', 'Город вылета': 'New York', 'Город прилета': 'Tokyo', 'Время': '16:30', 'Дата': '15.04.2023', 'Авиакомпания': 'Delta Airlines'}"
"Привет, меня зовут Анна Степанова. Мы с семьей летим в Барселону. Забронируйте билеты на самолет из Москвы в Барселону на 20 сентября 2023 года на 12:45 с Aeroflot. Летим я, мой муж Сергей и наш сын Иван.","{'Имя': ['Анна Степанова', 'Сергей Степанов', 'Иван Степанов'], 'Количество пассажиров': '3', 'Город вылета': 'Москва', 'Город прилета': 'Барселона', 'Время': '12:45', 'Дата': '20.09.2023', 'Авиакомпания': 'Aeroflot'}"
"Hi there! I'm planning a business trip from San Francisco to Beijing on June 5, 2024, at 18:15. I need tickets for two people: Olivia Brown and Michael Wang. Please book with United Airlines.","{'Имя': ['Olivia Brown', 'Michael Wang'], 'Количество пассажиров': '2', 'Город вылета': 'San Francisco', 'Город прилета': 'Beijing', 'Время': '18:15', 'Дата': '05.06.2024', 'Авиакомпания': 'United Airlines'}"
"Good day! I am Jessica Walker. I am planning a flight to Sydney from Los Angeles on August 8, 2024, at 14:15. Please book tickets for myself and my colleagues, Daniel Smith and Emma Davis, with Qantas Airways.","{'Имя': ['Jessica Walker', 'Daniel Smith', 'Emma Davis'], 'Количество пассажиров': '3', 'Город вылета': 'Los Angeles', 'Город прилета': 'Sydney', 'Время': '14:15', 'Дата': '08.08.2024', 'Авиакомпания': 'Qantas Airways'}"
"Hello, my name is Elena Petrova. I'm planning a business trip to Singapore. Please book a ticket for me on a flight from Moscow to Singapore on October 5, 2023, at 10:45 with Singapore Airlines.","{'Имя': ['Elena Petrova'], 'Количество пассажиров': '1', 'Город вылета': 'Moscow', 'Город прилета': 'Singapore', 'Время': '10:45', 'Дата': '05.10.2023', 'Авиакомпания': 'Singapore Airlines'}"
"Hi there! My name is James Smith. I'm flying to Sydney for a vacation. Please reserve tickets for two people on a flight from London to Sydney on June 20, 2024, at 14:15 with Qantas Airways. Traveling with me is Emma Johnson.","{'Имя': ['James Smith', 'Emma Johnson'], 'Количество пассажиров': '2', 'Город вылета': 'London', 'Город прилета': 'Sydney', 'Время': '14:15', 'Дата': '20.06.2024', 'Авиакомпания': 'Qantas Airways'}"
"Привет, меня зовут Антон Беляков. По работе отправляюсь в Шанхай. Забронируйте билеты на самолет из Минска в Шанхай 8 сентября 2023 года на 18:00 с Belavia. Лечу один.","{'Имя': ['Антон Беляков'], 'Количество пассажиров': '1', 'Город вылета': 'Минск', 'Город прилета': 'Шанхай', 'Время': '18:00', 'Дата': '08.09.2023', 'Авиакомпания': 'Belavia'}"
"Good day! I am Maria Rodriguez. I'm planning a family trip to Dubai. Please book tickets for three people on a flight from Madrid to Dubai on December 10, 2023, at 20:30 with Emirates. Traveling with me are Juan Rodriguez and Sofia Rodriguez.","{'Имя': ['Maria Rodriguez', 'Juan Rodriguez', 'Sofia Rodriguez'], 'Количество пассажиров': '3', 'Город вылета': 'Madrid', 'Город прилета': 'Dubai', 'Время': '20:30', 'Дата': '10.12.2023', 'Авиакомпания': 'Emirates'}"
"Hello, my name is John Anderson. I am traveling to Tokyo with my colleagues for a business meeting. Please reserve tickets for three people on a flight from Chicago to Tokyo on November 15, 2023, at 16:45 with American Airlines. Traveling with me are Susan Davis and Robert Johnson.","{'Имя': ['John Anderson', 'Susan Davis', 'Robert Johnson'], 'Количество пассажиров': '3', 'Город вылета': 'Chicago', 'Город прилета': 'Tokyo', 'Время': '16:45', 'Дата': '15.11.2023', 'Авиакомпания': 'American Airlines'}"
"Hi there! I'm planning a family vacation to Los Angeles. Please book tickets for four people on a flight from London to Los Angeles on July 10, 2024, at 14:30 with British Airways. Traveling with me are Emily Miller, Liam Smith, and Olivia Davis.","{'Имя': ['David Brown', 'Emily Miller', 'Liam Smith', 'Olivia Davis'], 'Количество пассажиров': '4', 'Город вылета': 'London', 'Город прилета': 'Los Angeles', 'Время': '14:30', 'Дата': '10.07.2024', 'Авиакомпания': 'British Airways'}"
"Привет, меня зовут Андрей Игоревич. По делам летим в Сеул. Забронируйте билеты на самолет из Киева в Сеул 18 сентября 2023 года на 20:00 с Korean Air. Лечу один.","{'Имя': ['Андрей Игоревич'], 'Количество пассажиров': '1', 'Город вылета': 'Киев', 'Город прилета': 'Сеул', 'Время': '20:00', 'Дата': '18.09.2023', 'Авиакомпания': 'Korean Air'}"
"Hello, my name is Ivanov Dmitry Vladimirovich. I am planning a trip to Beijing with my friends. Can you book tickets for me, Ivanova Elena Sergeevna, and Petrov Andrei Ivanovich? We need three tickets for the flight from Moscow to Beijing on January 15, 2024, at 18:45 with Aeroflot.","{'Имя': ['Ivanov Dmitry Vladimirovich', 'Ivanova Elena Sergeevna', 'Petrov Andrei Ivanovich'], 'Количество пассажиров': '3', 'Город вылета': 'Moscow', 'Город прилета': 'Beijing', 'Время': '18:45', 'Дата': '15.01.2024', 'Авиакомпания': 'Aeroflot'}"
"Привет! I'm planning a family vacation to Rome. My name is Sidorova Maria Alexandrovna. Please, book tickets for me, my husband Sidorov Alexey Sergeevich, and our daughter Sidorova Sofia Alexeevna. We need three tickets for the flight from St. Petersburg to Rome on February 28, 2024, at 12:30 with Alitalia.","{'Имя': ['Sidorova Maria Alexandrovna', 'Sidorov Alexey Sergeevich', 'Sidorova Sofia Alexeevna'], 'Количество пассажиров': '3', 'Город вылета': 'St. Petersburg', 'Город прилета': 'Rome', 'Время': '12:30', 'Дата': '28.02.2024', 'Авиакомпания': 'Alitalia'}"
Hello! Меня зовут Григорьев Артем Андреевич. Я планирую полететь в Токио. Бронирую билеты для себя и своей подруги Григорьевой Анны Валерьевны. Нам нужны два билета на рейс из Киева в Токио 20 марта 2024 года в 15:20 компанией ANA.,"{'Имя': ['Григорьев Артем Андреевич', 'Григорьева Анна Валерьевна'], 'Количество пассажиров': '2', 'Город вылета': 'Киев', 'Город прилета': 'Токио', 'Время': '15:20', 'Дата': '20.03.2024', 'Авиакомпания': 'ANA'}"
"Здравствуйте! I am going to visit Barcelona. My name is Pavlov Anton Sergeevich. Could you please help me book two tickets? I am traveling with my sister Pavlova Irina Petrovna. We need tickets for the flight from Berlin to Barcelona on May 10, 2024, at 10:15 with Lufthansa.","{'Имя': ['Pavlov Anton Sergeevich', 'Pavlova Irina Petrovna'], 'Количество пассажиров': '2', 'Город вылета': 'Berlin', 'Город прилета': 'Barcelona', 'Время': '10:15', 'Дата': '10.05.2024', 'Авиакомпания': 'Lufthansa'}"
"Hello, my name is Abramov Dmitriy Petrovich. I'm planning a family trip to Rome. Can you please book tickets for me, my wife Abramova Maria Ivanovna, and our daughter Abramova Anna Dmitrievna? We need three tickets for the flight from Moscow to Rome on January 15, 2024, at 14:30 with Aeroflot.","{'Имя': ['Abramov Dmitriy Petrovich', 'Abramova Maria Ivanovna', 'Abramova Anna Dmitrievna'], 'Количество пассажиров': '3', 'Город вылета': 'Moscow', 'Город прилета': 'Rome', 'Время': '14:30', 'Дата': '15.01.2024', 'Авиакомпания': 'Aeroflot'}"
"Привет! I'm planning a solo trip to Tokyo. My name is Vlasova Ekaterina Vladimirovna. Please, book a ticket for me. I need a flight from St. Petersburg to Tokyo on March 5, 2024, at 10:00 with Japan Airlines.","{'Имя': ['Vlasova Ekaterina Vladimirovna'], 'Количество пассажиров': '1', 'Город вылета': 'St. Petersburg', 'Город прилета': 'Tokyo', 'Время': '10:00', 'Дата': '05.03.2024', 'Авиакомпания': 'Japan Airlines'}"
"Hello! Меня зовут Gavrilova Maria Aleksandrovna. I'm planning a trip to New York with my friend Gavrilov Dmitry Ivanovich. Can you book two tickets for us? We need a flight from Moscow to New York on February 28, 2024, at 12:45 with Delta Airlines.","{'Имя': ['Gavrilova Maria Aleksandrovna', 'Gavrilov Dmitry Ivanovich'], 'Количество пассажиров': '2', 'Город вылета': 'Moscow', 'Город прилета': 'New York', 'Время': '12:45', 'Дата': '28.02.2024', 'Авиакомпания': 'Delta Airlines'}"
"Привет, меня зовут Ivanov Sergey Petrovich. I'm going on a business trip to Shanghai. Can you help me book a ticket? I need a flight from Berlin to Shanghai on April 10, 2024, at 08:00 with Lufthansa.","{'Имя': ['Ivanov Sergey Petrovich'], 'Количество пассажиров': '1', 'Город вылета': 'Berlin', 'Город прилета': 'Shanghai', 'Время': '08:00', 'Дата': '10.04.2024', 'Авиакомпания': 'Lufthansa'}"
"Hello! I'm planning a vacation in Barcelona. My name is Petrova Olga Alexandrovna. Can you please reserve a ticket for me? I need a flight from Paris to Barcelona on June 5, 2024, at 14:15 with Vueling.","{'Имя': ['Petrova Olga Alexandrovna'], 'Количество пассажиров': '1', 'Город вылета': 'Paris', 'Город прилета': 'Barcelona', 'Время': '14:15', 'Дата': '05.06.2024', 'Авиакомпания': 'Vueling'}"
"Hello! My name is Abramov Andrei Vladimirovich. I'm planning a vacation in Barcelona. Can you help me book a ticket? I need a flight from Berlin to Barcelona on June 10, 2024, at 12:15 with Vueling.","{'Имя': ['Abramov Andrei Vladimirovich'], 'Количество пассажиров': '1', 'Город вылета': 'Berlin', 'Город прилета': 'Barcelona', 'Время': '12:15', 'Дата': '10.06.2024', 'Авиакомпания': 'Vueling'}"
"Привет, меня зовут Kudryashova Irina Aleksandrovna. I am planning a family trip to Dubai. Can you please book tickets for me and my husband Kudryashov Ivan Dmitrievich? We need two tickets for the flight from Moscow to Dubai on September 1, 2024, at 08:30 with Emirates.","{'Имя': ['Kudryashova Irina Aleksandrovna', 'Kudryashov Ivan Dmitrievich'], 'Количество пассажиров': '2', 'Город вылета': 'Moscow', 'Город прилета': 'Dubai', 'Время': '08:30', 'Дата': '01.09.2024', 'Авиакомпания': 'Emirates'}"
"Hello! I am planning a solo trip to Tokyo. My name is Chernova Ekaterina Sergeevna. Can you please reserve a ticket for me? I need a flight from Paris to Tokyo on November 20, 2024, at 16:00 with ANA.","{'Имя': ['Chernova Ekaterina Sergeevna'], 'Количество пассажиров': '1', 'Город вылета': 'Paris', 'Город прилета': 'Tokyo', 'Время': '16:00', 'Дата': '20.11.2024', 'Авиакомпания': 'ANA'}"
"Привет! My name is Galkin Dmitry Vladimirovich. I'm planning a family vacation in Rome. Can you please book tickets for me, my wife Galkina Maria Dmitrievna, and our son Galkin Ivanovich? We need three tickets for the flight from St. Petersburg to Rome on March 5, 2024, at 12:30 with Alitalia.","{'Имя': ['Galkin Dmitry Vladimirovich', 'Galkina Maria Dmitrievna', 'Galkin Ivanovich'], 'Количество пассажиров': '3', 'Город вылета': 'St. Petersburg', 'Город прилета': 'Rome', 'Время': '12:30', 'Дата': '05.03.2024', 'Авиакомпания': 'Alitalia'}"
"Hello! Меня зовут Maslov Sergey Alexandrovich. I am going on a business trip to Shanghai. Can you help me book a ticket? I need a flight from Berlin to Shanghai on April 20, 2024, at 08:15 with Lufthansa.","{'Имя': ['Maslov Sergey Alexandrovich'], 'Количество пассажиров': '1', 'Город вылета': 'Berlin', 'Город прилета': 'Shanghai', 'Время': '08:15', 'Дата': '20.04.2024', 'Авиакомпания': 'Lufthansa'}"
"Привет, меня зовут Tretyakov Anton Ivanovich. I am planning a trip with my friend Tretyakova Olga Sergeevna to New York. Can you book two tickets for us? We need a flight from Moscow to New York on May 15, 2024, at 14:45 with Delta Airlines.","{'Имя': ['Tretyakov Anton Ivanovich', 'Tretyakova Olga Sergeevna'], 'Количество пассажиров': '2', 'Город вылета': 'Moscow', 'Город прилета': 'New York', 'Время': '14:45', 'Дата': '15.05.2024', 'Авиакомпания': 'Delta Airlines'}"
"Hello! I am planning a vacation in Barcelona. My name is Karpova Ekaterina Nikolaevna. Can you please reserve a ticket for me? I need a flight from Paris to Barcelona on July 8, 2024, at 16:30 with Vueling.","{'Имя': ['Karpova Ekaterina Nikolaevna'], 'Количество пассажиров': '1', 'Город вылета': 'Paris', 'Город прилета': 'Barcelona', 'Время': '16:30', 'Дата': '08.07.2024', 'Авиакомпания': 'Vueling'}"
"Hello, I'm planning a family vacation to Rome. My name is Gorbunov Vitaly Aleksandrovich. I need tickets for my wife Gorbunova Elena Vladimirovna and our daughter Gorbunova Polina Vitalievna. We want to fly from St. Petersburg to Rome on March 8, 2024, at 12:30 with Rossiya Airlines.","{'Имя': ['Gorbunov Vitaly Aleksandrovich', 'Gorbunova Elena Vladimirovna', 'Gorbunova Polina Vitalievna'], 'Количество пассажиров': '3', 'Город вылета': 'St. Petersburg', 'Город прилета': 'Rome', 'Время': '12:30', 'Дата': '08.03.2024', 'Авиакомпания': 'Rossiya Airlines'}"
"Привет! Меня зовут Емельянова Анна Станиславовна. Мы с друзьями планируем поездку в Токио. Бронируй, пожалуйста, билеты на меня и моих друзей: Емельянов Павел Владимирович и Емельянова Ольга Николаевна. Хотим лететь из Москвы в Токио 20 мая 2024 года в 19:15 с S7.","{'Имя': ['Емельянова Анна Станиславовна', 'Емельянов Павел Владимирович', 'Емельянова Ольга Николаевна'], 'Количество пассажиров': '3', 'Город вылета': 'Москва', 'Город прилета': 'Токио', 'Время': '19:15', 'Дата': '20.05.2024', 'Авиакомпания': 'S7'}"
"Hey, I'm planning a business trip to Shanghai. My name is Savelyev Igor Andreevich. I need tickets for myself and my colleague Savelyeva Natalia Ivanovna. We're flying from Moscow to Shanghai on September 5, 2023, at 08:00 with China Eastern Airlines.","{'Имя': ['Savelyev Igor Andreevich', 'Savelyeva Natalia Ivanovna'], 'Количество пассажиров': '2', 'Город вылета': 'Moscow', 'Город прилета': 'Shanghai', 'Время': '08:00', 'Дата': '05.09.2023', 'Авиакомпания': 'China Eastern Airlines'}"
"Good day! My name is Kudryashov Ekaterina Vladimirovna. I'm organizing a trip to London with my family. Please book tickets for me, my husband Kudryashov Ivan Sergeevich, and our son Kudryashov Artem Ivanovich. We want to fly from Saint Petersburg to London on July 10, 2023, at 15:30 with British Airways.","{'Имя': ['Kudryashov Ekaterina Vladimirovna', 'Kudryashov Ivan Sergeevich', 'Kudryashov Artem Ivanovich'], 'Количество пассажиров': '3', 'Город вылета': 'Saint Petersburg', 'Город прилета': 'London', 'Время': '15:30', 'Дата': '10.07.2023', 'Авиакомпания': 'British Airways'}"
"Привет! Меня зовут Galkin Dmitry Sergeevich. Я планирую перелет в Барселону с семьей. Будьте добры, забронируйте для меня и моих детей Galkina Maria Vladimirovna и Galkin Ivan Dmitrievich билеты из Санкт-Петербурга в Барселону 15 сентября 2023 года в 18:45 с Rossiya Airlines.","{'Имя': ['Galkin Dmitry Sergeevich', 'Galkina Maria Vladimirovna', 'Galkin Ivan Dmitrievich'], 'Количество пассажиров': '3', 'Город вылета': 'Санкт-Петербург', 'Город прилета': 'Барселона', 'Время': '18:45', 'Дата': '15.09.2023', 'Авиакомпания': 'Rossiya Airlines'}"
"Good day! My name is Nazarov Mikhail Ivanovich. I am flying to Los Angeles on a business trip. Kindly book a ticket for me from Moscow to Los Angeles on June 20, 2024, at 14:15 with Delta Air Lines.","{'Имя': ['Nazarov Mikhail Ivanovich'], 'Количество пассажиров': '1', 'Город вылета': 'Moscow', 'Город прилета': 'Los Angeles', 'Время': '14:15', 'Дата': '20.06.2024', 'Авиакомпания': 'Delta Air Lines'}"
"Hi, I'm planning a family vacation to Paris. My name is Suvorova Anna Vladimirovna. Please reserve tickets for me, my husband Suvorov Dmitry Petrovich, and our daughter Suvorova Daria Dmitrievna. We want to fly from Moscow to Paris on November 10, 2023, at 12:00 with Air France.","{'Имя': ['Suvorova Anna Vladimirovna', 'Suvorov Dmitry Petrovich', 'Suvorova Daria Dmitrievna'], 'Количество пассажиров': '3', 'Город вылета': 'Moscow', 'Город прилета': 'Paris', 'Время': '12:00', 'Дата': '10.11.2023', 'Авиакомпания': 'Air France'}"
"Здравствуйте! Меня зовут Chernov Evgeny Aleksandrovich. Я собираюсь отправиться в деловую поездку в Сидней. Забронируйте, пожалуйста, билет для меня из Москвы в Сидней 7 февраля 2024 года в 21:00 с Emirates.","{'Имя': ['Chernov Evgeny Aleksandrovich'], 'Количество пассажиров': '1', 'Город вылета': 'Moscow', 'Город прилета': 'Sydney', 'Время': '21:00', 'Дата': '07.02.2024', 'Авиакомпания': 'Emirates'}"
"Привет! Меня зовут Галкин Игорь Александрович. Я и моя семья планируем перелететь из Санкт-Петербурга в Рим 10 мая 2023 года на 12:45. Пожалуйста, забронируйте для нас три билета на рейс Аэрофлота. В состав нашей группы входят Галкина Мария Игоревна и Галкин Артем Игоревич.","{'Имя': ['Галкин Игорь Александрович', 'Галкина Мария Игоревна', 'Галкин Артем Игоревич'], 'Количество пассажиров': '3', 'Город вылета': 'Санкт-Петербург', 'Город прилета': 'Рим', 'Время': '12:45', 'Дата': '10.05.2023', 'Авиакомпания': 'Аэрофлот'}"
"Привет! Меня зовут Кудряшов Алексей Сергеевич. Нам с семьей необходимо отправиться из Киева в Токио 5 сентября 2023 года на рейсе ANA в 14:30. Пожалуйста, зарезервируйте для нас три билета.","{'Имя': ['Кудряшов Алексей Сергеевич'], 'Количество пассажиров': '3', 'Город вылета': 'Киев', 'Город прилета': 'Токио', 'Время': '14:30', 'Дата': '05.09.2023', 'Авиакомпания': 'ANA'}"
Здравствуйте! Меня зовут Назаров Игорь Владимирович. Мы с семьей планируем перелететь из Владивостока в Сидней 20 июля 2024 года на рейсе Qantas в 18:00. Прошу забронировать четыре билета.,"{'Имя': ['Назаров Игорь Владимирович'], 'Количество пассажиров': '4', 'Город вылета': 'Владивосток', 'Город прилета': 'Сидней', 'Время': '18:00', 'Дата': '20.07.2024', 'Авиакомпания': 'Qantas'}"
Добрый день! Меня зовут Чернов Анатолий Петрович. Планирую лететь из Осло в Торонто 8 апреля 2023 года на рейсе Air Canada в 13:15. Прошу забронировать два билета на мое имя и имя моей супруги Черновой Елены Анатольевны.,"{'Имя': ['Чернов Анатолий Петрович', 'Чернова Елена Анатольевна'], 'Количество пассажиров': '2', 'Город вылета': 'Осло', 'Город прилета': 'Торонто', 'Время': '13:15', 'Дата': '08.04.2023', 'Авиакомпания': 'Air Canada'}"
"Привет! Меня зовут Гаврилов Артем Александрович. С семьей планируем полететь из Екатеринбурга в Прагу 8 июня 2023 года на рейсе Czech Airlines в 16:20. Прошу забронировать три билета. Будем лететь я, Гаврилова Елена Владимировна и Гаврилов Никита Артемович.","{'Имя': ['Гаврилов Артем Александрович', 'Гаврилова Елена Владимировна', 'Гаврилов Никита Артемович'], 'Количество пассажиров': '3', 'Город вылета': 'Екатеринбург', 'Город прилета': 'Прага', 'Время': '16:20', 'Дата': '08.06.2023', 'Авиакомпания': 'Czech Airlines'}"
Привет! Меня зовут Третьяков Илья Станиславович. Я собираюсь лететь из Москвы в Токио 25 сентября 2024 года на рейсе Japan Airlines в 14:15. Прошу забронировать для меня билет. Спасибо!,"{'Имя': ['Третьяков Илья Станиславович'], 'Количество пассажиров': '1', 'Город вылета': 'Москва', 'Город прилета': 'Токио', 'Время': '14:15', 'Дата': '25.09.2024', 'Авиакомпания': 'Japan Airlines'}"
Привет! Меня зовут Аксёнов Артем Игоревич. Планирую лететь из Хельсинки в Токио 5 марта 2023 года на рейсе Finnair в 12:30. Прошу забронировать для меня один билет. Спасибо!,"{'Имя': ['Аксёнов Артем Игоревич'], 'Количество пассажиров': '1', 'Город вылета': 'Хельсинки', 'Город прилета': 'Токио', 'Время': '12:30', 'Дата': '05.03.2023', 'Авиакомпания': 'Finnair'}"
Привет! Меня зовут Рыбаков Степан Артемович. Планирую лететь из Челябинска в Стамбул 10 апреля 2023 года на рейсе Turkish Airlines в 12:30. Прошу забронировать для меня один билет. Спасибо!,"{'Имя': ['Рыбаков Степан Артемович'], 'Количество пассажиров': '1', 'Город вылета': 'Челябинск', 'Город прилета': 'Стамбул', 'Время': '12:30', 'Дата': '10.04.2023', 'Авиакомпания': 'Turkish Airlines'}"
Добрый вечер! Меня зовут Горшкова Екатерина Васильевна. Планирую полететь из Красноярска в Рим 3 марта 2023 года на рейсе Alitalia в 20:00. Прошу забронировать для меня билет. Спасибо!,"{'Имя': ['Горшкова Екатерина Васильевна'], 'Количество пассажиров': '1', 'Город вылета': 'Красноярск', 'Город прилета': 'Рим', 'Время': '20:00', 'Дата': '03.03.2023', 'Авиакомпания': 'Alitalia'}"
Привет! Меня зовут Третьяков Анатолий Владимирович. Планирую лететь из Санкт-Петербурга в Барселону 10 мая 2023 года на рейсе Vueling в 18:45. Прошу забронировать для меня один билет. Спасибо!,"{'Имя': ['Третьяков Анатолий Владимирович'], 'Количество пассажиров': '1', 'Город вылета': 'Санкт-Петербург', 'Город прилета': 'Барселона', 'Время': '18:45', 'Дата': '10.05.2023', 'Авиакомпания': 'Vueling'}"
"Добрый день! Меня зовут Воронов Андрей Игоревич. С семьей собираемся полететь из Москвы в Лондон 15 сентября 2024 года на рейсе British Airways в 12:30. Прошу забронировать для нас пять билетов. Будем лететь я, Воронова Елена Владимировна, Воронов Иван Андреевич, Воронова Анна Андреевна и Воронова Мария Андреевна.","{'Имя': ['Воронов Андрей Игоревич', 'Воронова Елена Владимировна', 'Воронов Иван Андреевич', 'Воронова Анна Андреевна', 'Воронова Мария Андреевна'], 'Количество пассажиров': '5', 'Город вылета': 'Москва', 'Город прилета': 'Лондон', 'Время': '12:30', 'Дата': '15.09.2024', 'Авиакомпания': 'British Airways'}"
Привет! Меня зовут Галкин Артем Николаевич. Планирую лететь из Казани в Стокгольм 5 апреля 2023 года на рейсе SAS Scandinavian Airlines в 14:15. Прошу забронировать для меня один билет. Спасибо!,"{'Имя': ['Галкин Артем Николаевич'], 'Количество пассажиров': '1', 'Город вылета': 'Казань', 'Город прилета': 'Стокгольм', 'Время': '14:15', 'Дата': '05.04.2023', 'Авиакомпания': 'SAS Scandinavian Airlines'}"
Привет! Меня зовут Исаков Валентин Павлович. Планирую лететь из Новосибирска в Хельсинки 8 декабря 2023 года на рейсе Finnair в 08:30. Прошу забронировать для меня билет. Спасибо!,"{'Имя': ['Исаков Валентин Павлович'], 'Количество пассажиров': '1', 'Город вылета': 'Новосибирск', 'Город прилета': 'Хельсинки', 'Время': '08:30', 'Дата': '08.12.2023', 'Авиакомпания': 'Finnair'}"
"Привет! Меня зовут Власова Анна Сергеевна. Мы с семьей планируем полететь из Красноярска в Прагу 5 сентября 2023 года на рейсе Czech Airlines в 15:20. Пожалуйста, забронируйте для нас четыре билета. Будем лететь я, Власов Сергей Игоревич, Власова Екатерина Сергеевна и Власов Александр Сергеевич.","{'Имя': ['Власова Анна Сергеевна', 'Власов Сергей Игоревич', 'Власова Екатерина Сергеевна', 'Власов Александр Сергеевич'], 'Количество пассажиров': '4', 'Город вылета': 'Красноярск', 'Город прилета': 'Прага', 'Время': '15:20', 'Дата': '05.09.2023', 'Авиакомпания': 'Czech Airlines'}"
Добрый день! Я - Трофимов Сергей Петрович. Планирую перелететь из Владивостока в Сеул 12 ноября 2023 года на рейсе Korean Air в 09:10. Прошу бронирования билета. Спасибо!,"{'Имя': ['Трофимов Сергей Петрович'], 'Количество пассажиров': '1', 'Город вылета': 'Владивосток', 'Город прилета': 'Сеул', 'Время': '09:10', 'Дата': '12.11.2023', 'Авиакомпания': 'Korean Air'}"
"Добрый вечер! Меня зовут Рыбаков Григорий Александрович. Семьей летим из Челябинска в Майами 20 августа 2024 года на рейсе American Airlines в 17:30. Прошу забронировать для нас пять билетов. Будем лететь я, Рыбакова Екатерина Валерьевна, Рыбаков Александр Григорьевич, Рыбакова Анна Григорьевна и Рыбаков Павел Александрович.","{'Имя': ['Рыбаков Григорий Александрович', 'Рыбакова Екатерина Валерьевна', 'Рыбаков Александр Григорьевич', 'Рыбакова Анна Григорьевна', 'Рыбаков Павел Александрович'], 'Количество пассажиров': '5', 'Город вылета': 'Челябинск', 'Город прилета': 'Майами', 'Время': '17:30', 'Дата': '20.08.2024', 'Авиакомпания': 'American Airlines'}"
Здравствуйте! Меня зовут Горбунов Станислав Валерьевич. Я собираюсь отправиться в командировку из Екатеринбурга в Берлин 18 июня 2023 года на рейсе Lufthansa в 10:45. Прошу забронировать билет для меня. Спасибо!,"{'Имя': ['Горбунов Станислав Валерьевич'], 'Количество пассажиров': '1', 'Город вылета': 'Екатеринбург', 'Город прилета': 'Берлин', 'Время': '10:45', 'Дата': '18.06.2023', 'Авиакомпания': 'Lufthansa'}"
Добрый вечер! Я - Зуева Анна Владимировна. Планирую перелететь из Новосибирска в Лондон 5 декабря 2023 года на рейсе British Airways в 20:15. Прошу бронирования билета. Спасибо!,"{'Имя': ['Зуева Анна Владимировна'], 'Количество пассажиров': '1', 'Город вылета': 'Новосибирск', 'Город прилета': 'Лондон', 'Время': '20:15', 'Дата': '05.12.2023', 'Авиакомпания': 'British Airways'}"
"Привет! Меня зовут Чернов Станислав Петрович. Я семьей отправляюсь в отпуск в Барселону. Прошу забронировать билеты на самолет из Краснодара в Барселону 15 мая 2024 года на 12:30 рейсом Vueling. Летим я, Чернова Екатерина Станиславовна и Чернова Алёна Станиславовна.","{'Имя': ['Чернов Станислав Петрович', 'Чернова Екатерина Станиславовна', 'Чернова Алёна Станиславовна'], 'Количество пассажиров': '3', 'Город вылета': 'Краснодар', 'Город прилета': 'Барселона', 'Время': '12:30', 'Дата': '15.05.2024', 'Авиакомпания': 'Vueling'}"
Здравствуй! Меня зовут Маслов Андрей Викторович. Планирую поездку в Майами. Прошу забронировать билеты для меня и моей подруги Ивановой Ольги Васильевны из Ростова-на-Дону в Майами 8 сентября 2023 года на рейсе Delta Airlines в 18:00. Спасибо!,"{'Имя': ['Маслов Андрей Викторович', 'Иванова Ольга Васильевна'], 'Количество пассажиров': '2', 'Город вылета': 'Ростов-на-Дону', 'Город прилета': 'Майами', 'Время': '18:00', 'Дата': '08.09.2023', 'Авиакомпания': 'Delta Airlines'}"
"Добрый день! Я - Галкина Екатерина Сергеевна. Путешествуем с семьей из Ярославля в Токио 20 марта 2024 года на рейсе Japan Airlines в 14:20. Прошу забронировать для нас четыре билета. Будем лететь я, Галкин Сергей Александрович, Галкина Анна Сергеевна и Галкин Александр Сергеевич.","{'Имя': ['Галкина Екатерина Сергеевна', 'Галкин Сергей Александрович', 'Галкина Анна Сергеевна', 'Галкин Александр Сергеевич'], 'Количество пассажиров': '4', 'Город вылета': 'Ярославль', 'Город прилета': 'Токио', 'Время': '14:20', 'Дата': '20.03.2024', 'Авиакомпания': 'Japan Airlines'}"
"Привет! Я - Родионов Илья Павлович. Путешествую из Красноярска в Сан-Франциско семьей. Прошу бронирования билетов на 4 июля 2024 года на рейсе United Airlines в 14:00. Лечу с женой, Родионовой Марией Андреевной, и детьми, Родионовым Артемом Ильичем и Родионовой Алиной Ильиничной.","{'Имя': ['Родионов Илья Павлович', 'Родионова Мария Андреевна', 'Родионов Артем Ильич', 'Родионова Алина Ильинична'], 'Количество пассажиров': '4', 'Город вылета': 'Красноярск', 'Город прилета': 'Сан-Франциско', 'Время': '14:00', 'Дата': '04.07.2024', 'Авиакомпания': 'United Airlines'}"
Здравствуй! Меня зовут Власов Валентин Анатольевич. Я отправляюсь в деловую поездку из Омска в Шанхай 10 ноября 2023 года на рейсе China Eastern Airlines в 08:20. Прошу забронировать билет. Спасибо!,"{'Имя': ['Власов Валентин Анатольевич'], 'Количество пассажиров': '1', 'Город вылета': 'Омск', 'Город прилета': 'Шанхай', 'Время': '08:20', 'Дата': '10.11.2023', 'Авиакомпания': 'China Eastern Airlines'}"
"Hello! My name is Abramov Dmitry Vladimirovich. I am planning a business trip from St. Petersburg to Beijing on February 10, 2024, on the Aeroflot flight at 08:15. I need to book a ticket for one person. Thank you!","{'Имя': ['Abramov Dmitry Vladimirovich'], 'Количество пассажиров': '1', 'Город вылета': 'St. Petersburg', 'Город прилета': 'Beijing', 'Время': '08:15', 'Дата': '10.02.2024', 'Авиакомпания': 'Aeroflot'}"
"Привет! Меня зовут Thompson John Michael. С семьей планируем полететь из Москвы в Токио 5 апреля 2023 года на рейсе Japan Airlines в 16:30. Нам необходимо забронировать билеты на четырех человек. Летят: Thompson Jessica Alice, Thompson Brian William и Thompson Emily Mary.","{'Имя': ['Thompson John Michael', 'Thompson Jessica Alice', 'Thompson Brian William', 'Thompson Emily Mary'], 'Количество пассажиров': '4', 'Город вылета': 'Moscow', 'Город прилета': 'Tokyo', 'Время': '16:30', 'Дата': '05.04.2023', 'Авиакомпания': 'Japan Airlines'}"
"Good day! I'm Galkin Ivan Petrovich. I'm flying from Kazan to Paris on June 20, 2023, on the Air France flight at 12:45. I need to book a ticket. Thank you!","{'Имя': ['Galkin Ivan Petrovich'], 'Количество пассажиров': '1', 'Город вылета': 'Kazan', 'Город прилета': 'Paris', 'Время': '12:45', 'Дата': '20.06.2023', 'Авиакомпания': 'Air France'}"
Добрый вечер! Меня зовут Зуев Николай Владимирович. Собираюсь отправиться из Екатеринбурга в Лондон 17 октября 2023 года на рейсе British Airways в 19:30. Прошу забронировать билет. Спасибо!,"{'Имя': ['Зуев Николай Владимирович'], 'Количество пассажиров': '1', 'Город вылета': 'Ekaterinburg', 'Город прилета': 'London', 'Время': '19:30', 'Дата': '17.10.2023', 'Авиакомпания': 'British Airways'}"
